{
  "collectionName": "components_widgets_contacts",
  "info": {
    "displayName": "Contact",
    "icon": "sitemap",
    "description": ""
  },
  "options": {},
  "attributes": {
    "street": {
      "type": "string"
    },
    "houseNumber": {
      "type": "string"
    },
    "postalCode": {
      "type": "integer"
    },
    "city": {
      "type": "string"
    },
    "telephone": {
      "type": "string",
      "regex": "^[\\+]?[(]?[0-9]{3}[)]?[-\\s\\.]?[0-9]{3}[-\\s\\.]?[0-9]{4,6}$"
    }
  }
}
