{
  "collectionName": "components_headers_header",
  "info": {
    "displayName": "Header",
    "description": ""
  },
  "options": {},
  "attributes": {
    "text": {
      "type": "component",
      "repeatable": false,
      "component": "text.ygwys"
    },
    "image": {
      "type": "media",
      "multiple": false,
      "required": false,
      "allowedTypes": ["images"]
    },
    "CTA": {
      "type": "component",
      "repeatable": false,
      "component": "sections.cta"
    },
    "bottomText": {
      "type": "component",
      "repeatable": false,
      "component": "tiles.ygwys-cta-tile"
    },
    "imagePosition": {
      "type": "enumeration",
      "enum": ["left", "right"],
      "default": "right"
    }
  }
}
