{
  "kind": "collectionType",
  "collectionName": "rechtsdomeinen",
  "info": {
    "singularName": "rechtsdomein",
    "pluralName": "rechtsdomeinen",
    "displayName": "Rechtsdomein",
    "description": ""
  },
  "options": {
    "draftAndPublish": true
  },
  "pluginOptions": {
    "i18n": {
      "localized": true
    }
  },
  "attributes": {
    "title": {
      "type": "string",
      "required": true,
      "pluginOptions": {
        "i18n": {
          "localized": true
        }
      }
    },
    "description": {
      "type": "component",
      "repeatable": false,
      "component": "text.ygwys",
      "pluginOptions": {
        "i18n": {
          "localized": true
        }
      }
    },
    "image": {
      "type": "media",
      "multiple": false,
      "required": false,
      "allowedTypes": [
        "images"
      ],
      "pluginOptions": {
        "i18n": {
          "localized": true
        }
      }
    },
    "rechtsdomeinenSidebar": {
      "type": "component",
      "repeatable": false,
      "pluginOptions": {
        "i18n": {
          "localized": true
        }
      },
      "component": "sections.rechtsdomein-side-bar"
    },
    "showInComponent": {
      "pluginOptions": {
        "i18n": {
          "localized": true
        }
      },
      "type": "boolean"
    }
  }
}
