{
  "kind": "singleType",
  "collectionName": "home_pages",
  "info": {
    "singularName": "home-page",
    "pluralName": "home-pages",
    "displayName": "Home",
    "description": ""
  },
  "options": {
    "draftAndPublish": true
  },
  "pluginOptions": {
    "i18n": {
      "localized": true
    }
  },
  "attributes": {
    "header": {
      "type": "component",
      "repeatable": false,
      "pluginOptions": {
        "i18n": {
          "localized": true
        }
      },
      "component": "headers.header",
      "required": true
    },
    "body": {
      "pluginOptions": {
        "i18n": {
          "localized": true
        }
      },
      "type": "dynamiczone",
      "components": [
        "sections.quote",
        "sections.cta",
        "sections.rechtsdomeinen-cta",
        "sections.image-article",
        "sections.kantoor",
        "sections.color-block-cta",
        "sections.vertical-list",
        "sections.double-header-paragraph",
        "text.ygwys"
      ]
    },
    "seo": {
      "type": "component",
      "repeatable": false,
      "pluginOptions": {
        "i18n": {
          "localized": true
        }
      },
      "component": "shared.seo"
    },
    "color": {
      "pluginOptions": {
        "i18n": {
          "localized": true
        }
      },
      "type": "enumeration",
      "enum": ["gray", "beige", "blue-gray", "dark-green", "light-green"]
    }
  }
}
