{
  "collectionName": "components_sections_ctas",
  "info": {
    "displayName": "CTA",
    "icon": "external-link-alt",
    "description": ""
  },
  "options": {},
  "attributes": {
    "title": {
      "type": "string"
    },
    "link": {
      "type": "string"
    },
    "externalLink": {
      "type": "boolean",
      "default": false
    },
    "buttonType": {
      "type": "enumeration",
      "enum": ["Button primary", "Button secondary", "Button tertiary", "Link"],
      "default": "Button primary"
    }
  }
}
