{
  "collectionName": "components_sections_double_header_paragraphs",
  "info": {
    "displayName": "DoubleHeaderParagraph",
    "icon": "grid",
    "description": ""
  },
  "options": {},
  "attributes": {
    "leftParagraph": {
      "type": "component",
      "repeatable": false,
      "component": "text.ygwys",
      "required": true
    },
    "rightParagraph": {
      "type": "component",
      "repeatable": false,
      "component": "text.ygwys",
      "required": true
    },
    "leftCta": {
      "type": "component",
      "repeatable": false,
      "component": "sections.cta"
    },
    "rightCta": {
      "type": "component",
      "repeatable": false,
      "component": "sections.cta"
    }
  }
}
