{
  "collectionName": "components_sections_image_articles",
  "info": {
    "displayName": "ImageArticle",
    "icon": "image",
    "description": ""
  },
  "options": {},
  "attributes": {
    "image": {
      "type": "media",
      "multiple": false,
      "required": false,
      "allowedTypes": [
        "images"
      ]
    },
    "title": {
      "type": "string"
    },
    "description": {
      "type": "component",
      "repeatable": false,
      "component": "text.ygwys"
    },
    "cta": {
      "type": "component",
      "repeatable": false,
      "component": "sections.cta"
    },
    "color": {
      "type": "enumeration",
      "enum": [
        "beige",
        "blue-gray",
        "light-green"
      ],
      "default": "blue-gray",
      "required": true
    },
    "imagePosition": {
      "type": "enumeration",
      "enum": [
        "left",
        "right"
      ],
      "default": "right"
    }
  }
}
