{
  "collectionName": "components_sections_rechtsdomein_side_bars",
  "info": {
    "displayName": "RechtsdomeinenSidebar",
    "description": ""
  },
  "options": {},
  "attributes": {
    "title": {
      "type": "string"
    },
    "employees": {
      "type": "relation",
      "relation": "oneToMany",
      "target": "api::employee.employee"
    },
    "firstCta": {
      "type": "component",
      "repeatable": false,
      "component": "sections.cta"
    },
    "description": {
      "type": "text"
    },
    "secondCta": {
      "type": "component",
      "repeatable": false,
      "component": "sections.cta"
    }
  }
}
