{
  "collectionName": "components_sections_rechtsdomeinen_ctas",
  "info": {
    "displayName": "Rechtsdomeinen CTA",
    "description": ""
  },
  "options": {},
  "attributes": {
    "title": {
      "type": "string"
    },
    "description": {
      "type": "text"
    },
    "cta": {
      "type": "component",
      "repeatable": false,
      "component": "sections.cta"
    },
    "image": {
      "type": "media",
      "multiple": false,
      "required": false,
      "allowedTypes": [
        "images",
        "files",
        "videos",
        "audios"
      ]
    }
  }
}
