{
  "collectionName": "components_sections_vertical_lists",
  "info": {
    "displayName": "VerticalList",
    "description": ""
  },
  "options": {},
  "attributes": {
    "location": {
      "type": "enumeration",
      "enum": ["left", "right"]
    },
    "titles": {
      "type": "component",
      "repeatable": true,
      "component": "sections.vertical-list-titles"
    },
    "description": {
      "type": "component",
      "repeatable": false,
      "component": "sections.vertical-list-description"
    }
  }
}
