{
  "collectionName": "components_form_adresses",
  "info": {
    "displayName": "Adress",
    "description": ""
  },
  "options": {},
  "attributes": {
    "Street": {
      "type": "string"
    },
    "StreetNumber": {
      "type": "string"
    },
    "City": {
      "type": "string"
    },
    "PostalCode": {
      "type": "integer"
    },
    "StreetLabel": {
      "type": "string"
    },
    "StreetNumberLabel": {
      "type": "string"
    },
    "PostalCodeLabel": {
      "type": "string"
    },
    "CityLabel": {
      "type": "string"
    },
    "CountryLabel": {
      "type": "string"
    },
    "Country": {
      "type": "string"
    },
    "position": {
      "type": "enumeration",
      "enum": [
        "left",
        "right"
      ],
      "required": true,
      "default": "left"
    }
  }
}
