{
  "collectionName": "components_formfields_inputfield",
  "info": {
    "displayName": "InputField",
    "description": ""
  },
  "options": {},
  "attributes": {
    "required": {
      "type": "boolean",
      "default": true
    },
    "type": {
      "type": "enumeration",
      "enum": [
        "text",
        "password",
        "number",
        "email",
        "url",
        "checkbox",
        "radio",
        "date",
        "time",
        "color",
        "range",
        "file",
        "hidden",
        "button",
        "reset",
        "image",
        "tel",
        "search"
      ],
      "required": true
    },
    "place_holder": {
      "type": "string",
      "required": true
    },
    "value": {
      "type": "string",
      "required": false
    },
    "label": {
      "type": "string",
      "required": true
    }
  }
}
