{
  "collectionName": "components_formfields_select_fields",
  "info": {
    "displayName": "selectField",
    "icon": "bulletList",
    "description": ""
  },
  "options": {},
  "attributes": {
    "required": {
      "type": "boolean",
      "default": false
    },
    "value": {
      "type": "string",
      "required": false
    },
    "type": {
      "type": "enumeration",
      "enum": [
        "select"
      ],
      "required": false,
      "default": "select"
    },
    "options": {
      "type": "text"
    },
    "label": {
      "type": "string"
    }
  }
}
