{
  "kind": "singleType",
  "collectionName": "social_medias",
  "info": {
    "singularName": "social-media",
    "pluralName": "social-medias",
    "displayName": "Social Media",
    "description": ""
  },
  "options": {
    "draftAndPublish": true
  },
  "pluginOptions": {
    "i18n": {
      "localized": true
    }
  },
  "attributes": {
    "linkedin": {
      "type": "string",
      "pluginOptions": {
        "i18n": {
          "localized": true
        }
      }
    },
    "facebook": {
      "type": "string",
      "pluginOptions": {
        "i18n": {
          "localized": true
        }
      }
    }
  }
}
